{"cameraMode":{"drawMode":0,"name":"Shaded","section":"Shading Mode"},"sceneLighting":true,"audioPlay":false,"sceneViewState":{"showFog":true,"showMaterialUpdate":false,"showSkybox":true,"showFlares":true,"showImageEffects":true,"showParticleSystems":true},"in2DMode":false,"pivot":{"x":119.68667602539063,"y":9.617021560668946,"z":262.63134765625},"rotation":{"x":0.14278843998908997,"y":-0.3810865581035614,"z":0.05972630903124809,"w":0.9115146398544312},"size":11.91971206665039,"orthographic":false}